Name,DOB
Priya Singh,30-03-1962
Tanvi Das,20-12-1981
Rahul Gupta,12-03-1969
Simran Mehta,19-10-1967
Neha Srivastava,07-11-1962
Aditya Verma,13-08-1979
Rahul Shah,19-05-1962
Komal Mishra,20-08-1997
Rahul Chauhan,15-12-1984
Aarav Yadav,30-11-1997
Sanjay Das,12-12-1973
Pankaj Sinha,03-03-1969
Ashish Tiwari,04-09-1968
Shubham Pandey,24-09-1983
Amit Chauhan,14-03-1971
Vikas Verma,20-04-1986
Priya Rao,11-06-1992
Meena Mishra,29-03-1966
Amit Khan,17-12-1985
Ashish Khan,22-01-1969
Vikas Das,04-09-2000
Priya Pandey,04-08-1974
Sumit Pandey,18-10-1978
Sakshi Das,28-05-1966
Nisha Yadav,17-12-1981
Manish Chauhan,15-01-1994
Ravi Mehta,14-09-1979
Simran Sinha,06-01-1965
Rahul Sharma,19-04-1988
Vivek Das,08-12-1965
Pankaj Joshi,25-03-1988
Pankaj Patel,30-06-1995
Riya Chauhan,25-10-1972
Rakesh Gupta,15-02-1982
Tanvi Mehta,28-07-1983
Tanvi Joshi,08-06-1998
Neha Tiwari,22-06-1992
Rahul Gupta,17-09-2005
Anita Verma,23-03-1964
Deepak Gupta,09-05-1974
Simran Srivastava,12-09-1965
Vikas Tiwari,28-12-2001
Kajal Das,11-01-1961
Simran Singh,09-12-1983
Muskan Sinha,03-01-1970
Rohit Srivastava,10-03-1974
Aman Kumar,18-08-1983
Divya Yadav,18-07-2005
Ayush Jha,18-07-2005
Nisha Mishra,17-09-1973
Sumit Yadav,19-01-1960
Nisha Sinha,01-11-2003
Aditya Singh,25-07-1992
Sahil Khan,13-03-1965
Raj Joshi,24-01-1967
Ashish Patel,17-03-1966
Tanya Mehta,13-04-1971
Gaurav Patel,24-10-1974
Rakesh Shah,17-12-1997
Pankaj Mehta,17-01-1978
Sonali Jha,18-10-1995
Sakshi Pandey,21-04-1999
Kajal Chauhan,09-11-1970
Raj Khan,29-09-1965
Sanjay Kumar,23-08-1980
Neha Khan,23-08-1960
Arjun Sharma,15-07-1980
Arjun Sharma,23-08-1989
Arjun Shah,08-05-1981
Ravi Patel,22-03-1979
Kavita Gupta,28-05-2002
Raj Patel,08-07-1996
Nikhil Singh,11-09-1968
Sakshi Srivastava,14-10-1991
Akash Srivastava,24-11-2001
Swati Sharma,29-10-1968
Ankit Tiwari,10-06-1990
Ayush Khan,10-03-1977
Nikhil Mehta,31-03-2000
Gaurav Srivastava,17-06-1976
Ravi Chauhan,30-05-1982
Arjun Chauhan,13-10-1968
Ankit Mehta,28-04-1961
Ashish Khan,02-12-1974
Abhishek Patel,09-03-2003
Pankaj Tiwari,05-04-1965
Manish Tiwari,11-03-1960
Vikas Das,26-10-2000
Rohit Srivastava,30-08-2003
Karan Mishra,14-08-1986
Pankaj Sharma,20-06-1965
Tanvi Sinha,16-02-1965
Ankit Joshi,10-10-2002
Divya Shah,14-02-1974
Ankit Shah,10-03-1967
Mohit Verma,04-02-1966
Simran Khan,22-03-1996
Deepak Joshi,01-02-1982
Neha Rao,26-07-1963
Pooja Verma,11-08-1997
Sakshi Joshi,19-05-1988
Rakesh Mishra,09-03-1988
Raj Das,05-07-1995
Gaurav Jha,07-01-2001
Sameer Verma,01-11-1960
Aman Rao,20-12-1968
Arjun Mehta,14-02-1979
Divya Das,19-11-1971
Shubham Verma,30-11-1981
Sumit Jha,25-02-1974
Alok Mehta,20-02-1987
Pooja Shah,13-09-1960
Sakshi Mehta,10-11-1986
Sakshi Singh,18-01-1972
Rakesh Singh,08-08-1969
Tanvi Mehta,11-12-1973
Ravi Jha,23-11-1978
Sonali Sinha,07-04-1978
Simran Das,05-05-2005
Anita Das,22-07-1964
Ashish Srivastava,27-10-1984
Amit Kumar,03-12-1989
Muskan Gupta,02-07-1983
Manish Chauhan,15-05-1998
Komal Kumar,13-01-1970
Arjun Gupta,26-03-1963
Sumit Joshi,14-04-1973
Akash Gupta,02-10-1963
Sahil Pandey,31-07-1963
Shubham Mishra,21-05-1982
Sakshi Singh,24-09-1991
Muskan Mehta,16-06-1996
Pooja Gupta,28-03-1981
Manish Yadav,27-12-1996
Aditya Yadav,20-10-1989
Abhishek Khan,08-12-1983
Manish Singh,27-04-1994
Amit Patel,15-12-1979
Nikhil Chauhan,15-05-1991
Sahil Khan,31-12-1979
Aditya Mishra,30-09-1995
Sanjay Das,24-03-1966
Muskan Das,03-07-1991
Riya Shah,09-11-1995
Simran Mehta,16-09-1989
Aditya Singh,08-06-1983
Mohit Joshi,25-10-1983
Amit Singh,26-12-1998
Shubham Sinha,24-02-1999
Nisha Shah,17-05-1970
Vikas Joshi,19-01-1977
Rakesh Sharma,13-02-1999
Aarav Shah,04-09-1977
Sumit Srivastava,11-04-1966
Sakshi Sinha,29-02-1988
Sakshi Singh,10-12-1986
Divya Jha,21-08-1996
Sameer Tiwari,11-07-1986
Komal Gupta,18-03-1977
Abhishek Tiwari,12-08-1975
Pooja Joshi,31-12-1986
Vivek Mehta,14-01-1960
Sahil Jha,09-11-1978
Akash Joshi,28-11-1988
Aman Chauhan,01-09-1999
Simran Mishra,10-11-2005
Anjali Yadav,10-08-1967
Rohit Shah,26-01-1990
Ashish Khan,06-11-1987
Rahul Mishra,21-03-1973
Aditya Sharma,19-12-1981
Anjali Rao,14-07-1966
Aman Srivastava,11-06-1977
Sonali Tiwari,08-05-2004
Vivek Khan,28-03-1973
Riya Kumar,24-07-1969
Muskan Srivastava,19-08-1979
Mohit Shah,04-09-2001
Ankit Mehta,10-05-1982
Deepak Chauhan,18-12-1971
Aman Shah,19-06-1988
Tanya Chauhan,14-04-2005
Akash Mehta,02-01-2000
Manish Patel,17-05-2000
Rakesh Khan,16-11-1984
Muskan Shah,23-06-2003
Priya Khan,20-08-1984
Alok Verma,19-08-1985
Raj Das,17-02-1990
Sameer Mehta,25-03-1967
Gaurav Gupta,29-09-1980
Vikas Gupta,12-03-1979
Arjun Srivastava,26-07-1996
Sanjay Mehta,19-10-2001
Abhishek Sharma,22-07-1978
Abhishek Tiwari,02-10-1961
Tanya Joshi,15-02-1994
Anjali Kumar,23-07-1991
Sahil Tiwari,04-08-1997
Kavita Mehta,14-10-1979
Anita Khan,26-06-1984
Akash Patel,09-08-1962
Vikas Sinha,09-04-1996
Swati Yadav,06-12-2001
Gaurav Rao,02-06-1962
Vivek Joshi,07-06-1962
Ashish Srivastava,04-03-1972
Aman Yadav,05-07-1964
Rakesh Tiwari,14-05-1989
Pankaj Chauhan,28-04-1989
Sanjay Tiwari,17-12-1984
Tanya Srivastava,19-08-1982
Ashish Patel,27-09-1961
Tanvi Mehta,02-09-1964
Shubham Khan,26-02-1966
Muskan Sharma,13-10-1962
Raj Mishra,29-10-1961
Pooja Gupta,26-05-1981
Gaurav Patel,06-04-1970
Meena Mishra,20-09-2001
Sneha Das,03-02-1993
Manish Rao,11-04-1970
Muskan Yadav,27-11-1987
Ayush Joshi,21-04-1962
Sahil Joshi,02-09-1993
Vivek Mishra,26-10-1966
Neha Khan,21-02-1969
Sneha Jha,10-11-1970
Meena Sharma,24-02-1991
Kavita Srivastava,30-03-1993
Arjun Shah,12-08-1990
Aarav Srivastava,23-12-2003
Ayush Srivastava,29-06-1992
Priya Chauhan,22-09-1973
Akash Yadav,25-03-1984
Pooja Mehta,18-05-2003
Aman Srivastava,29-01-1984
Sameer Khan,10-10-1967
Ravi Chauhan,16-11-1981
Tanya Chauhan,31-12-1993
Sanjay Kumar,06-05-2004
Sameer Yadav,28-09-2003
Pankaj Pandey,06-03-1983
Sanjay Das,13-10-1984
Komal Kumar,20-02-1977
Ashish Khan,17-06-1996
Anita Mehta,23-07-1981
Sneha Patel,13-01-2004
Alok Kumar,07-05-1968
Rohit Khan,12-04-1996
Sneha Khan,21-06-1987
Sakshi Joshi,08-02-1993
Anjali Mehta,03-11-1990
Akash Mehta,04-09-1989
Shubham Chauhan,21-04-1984
Sahil Das,06-09-1980
Deepak Mishra,22-04-1988
Deepak Mehta,10-08-1976
Nikhil Mishra,10-06-2003
Ravi Joshi,22-05-1985
Ayush Mishra,30-07-1986
Rahul Pandey,05-02-1976
Sahil Kumar,10-05-1971
Ravi Sharma,21-11-1964
Komal Jha,30-04-1971
Priya Patel,15-03-1969
Aarav Joshi,05-07-1985
Anjali Patel,08-07-1999
Sanjay Yadav,10-08-1964
Rakesh Patel,27-03-1970
Arjun Tiwari,12-02-2004
Arjun Joshi,22-10-1964
Karan Gupta,05-04-1987
Ashish Khan,17-08-1970
Komal Srivastava,31-03-1980
Muskan Shah,15-02-1994
Alok Chauhan,04-09-1986
Neha Srivastava,25-05-1987
Meena Rao,27-05-1965
Pooja Singh,22-08-1978
Priya Mishra,28-09-1983
Sakshi Verma,02-02-1974
Raj Yadav,25-09-1966
Manish Kumar,25-08-1996
Alok Rao,27-02-2002
Rohit Sharma,07-10-1980
Rohit Jha,24-09-2000
Arjun Khan,25-09-1983
Priya Joshi,30-09-1977
Akash Singh,02-03-1980
Riya Gupta,31-10-1983
Karan Verma,08-05-1965
Manish Jha,22-11-1985
Alok Singh,18-01-2002
Sneha Jha,10-02-1996
Ravi Shah,19-04-2004
Alok Verma,30-07-1963
Akash Sinha,18-06-1982
Aditya Verma,15-07-1980
Simran Joshi,10-11-1961
Tanya Das,11-08-1963
Tanya Yadav,18-03-2002
Kajal Chauhan,14-12-1984
Mohit Joshi,08-02-1999
Priya Patel,08-03-1968
Anjali Pandey,19-08-1996
Sanjay Sinha,20-05-1969
Manish Sinha,05-12-1996
Sneha Patel,09-11-1985
Sakshi Tiwari,17-04-1963
Aman Verma,20-03-1988
Rakesh Sinha,26-05-1970
Muskan Tiwari,07-02-1960
Sakshi Mehta,12-06-2001
Abhishek Sharma,29-10-1976
Kajal Pandey,20-09-2004
Priya Chauhan,18-08-1964
Pankaj Das,03-10-1971
Rohit Chauhan,27-06-2003
Deepak Kumar,20-06-1981
Sonali Yadav,17-11-1987
Komal Kumar,08-08-1996
Ashish Khan,06-03-1970
Aman Singh,24-10-1973
Anita Jha,26-08-2005
Sonali Das,10-04-1997
Anjali Patel,12-11-1981
Aman Mehta,22-12-1972
Vikas Mishra,06-08-2005
Tanvi Gupta,06-04-1966
Ravi Srivastava,29-06-1990
Divya Das,25-03-1960
Rohit Jha,05-12-2003
Karan Chauhan,14-06-2003
Shubham Sinha,03-11-1993
Aman Sinha,03-12-1976
Sneha Khan,11-05-1994
Rahul Srivastava,01-12-1963
Sameer Patel,15-03-1994
Vikas Gupta,08-06-2004
Amit Gupta,23-01-2005
Neha Sinha,01-01-1969
Alok Singh,28-12-2000
Aarav Gupta,12-10-1996
Riya Gupta,17-09-1966
Anjali Das,16-05-1990
Pooja Tiwari,16-03-1967
Sanjay Mehta,03-02-1994
Sameer Patel,22-03-1963
Pooja Verma,22-01-1981
Priya Jha,29-05-1980
Tanvi Verma,07-12-1998
Ayush Singh,21-10-1999
Manish Jha,06-08-1962
Amit Sinha,12-01-1965
Rohit Pandey,17-08-1993
Akash Gupta,27-11-1981
Kajal Srivastava,26-02-1976
Manish Yadav,31-01-1967
Pooja Tiwari,09-08-1981
Anita Joshi,02-11-1972
Rahul Chauhan,14-10-1982
Aman Das,03-11-1960
Aman Jha,04-03-1974
Arjun Chauhan,01-01-1991
Neha Jha,24-01-1998
Sneha Das,25-12-2000
Sahil Mishra,06-07-1994
Anjali Singh,12-04-1981
Vikas Joshi,15-03-1992
Meena Jha,27-06-1986
Aditya Tiwari,16-08-1984
Aarav Joshi,26-05-1964
Nisha Patel,04-09-1985
Muskan Khan,10-08-1991
Rahul Mishra,26-06-1982
Simran Gupta,18-09-1968
Priya Sharma,19-09-1987
Alok Sharma,24-09-1992
Swati Gupta,01-02-1968
Rohit Sinha,11-04-1997
Mohit Mishra,09-11-1971
Kavita Pandey,06-01-2005
Ravi Yadav,20-01-1983
Anjali Jha,22-05-1990
Deepak Chauhan,03-10-1966
Karan Khan,27-08-1995
Komal Pandey,07-02-1968
Vivek Kumar,22-09-1983
Kavita Singh,19-10-2000
Sumit Das,08-03-1994
Priya Pandey,20-09-1969
Simran Khan,19-04-2002
Aditya Rao,05-06-1989
Pooja Khan,02-09-1965
Priya Chauhan,10-02-1987
Riya Srivastava,20-06-1970
Gaurav Sharma,04-05-1963
Sahil Patel,02-06-1970
Ayush Khan,03-03-1972
Vikas Chauhan,14-04-1993
Sakshi Mehta,07-08-1997
Neha Gupta,21-03-1997
Riya Singh,25-11-2003
Pooja Srivastava,04-02-1985
Amit Pandey,29-06-1979
Alok Chauhan,07-03-1981
Sumit Singh,14-12-1992
Kavita Pandey,07-06-1965
Vivek Das,10-01-1977
Deepak Chauhan,22-03-1968
Sakshi Mishra,30-11-1961
Ankit Sinha,07-11-1981
Gaurav Joshi,30-05-1978
Arjun Mehta,02-08-1978
Neha Mishra,25-11-1980
Sanjay Gupta,02-04-1960
Ravi Gupta,30-08-1971
Kavita Das,27-08-1975
Deepak Kumar,28-10-1971
Aarav Pandey,06-05-1981
Neha Sinha,01-06-1961
Mohit Das,13-09-1964
Gaurav Srivastava,13-03-1970
Tanvi Verma,22-09-2002
Alok Pandey,13-10-1969
Alok Shah,16-11-1979
Pooja Sharma,22-01-1987
Aman Kumar,16-06-1965
Anjali Tiwari,30-03-1998
Simran Singh,26-12-2003
Sonali Chauhan,05-08-1966
Ashish Sinha,22-04-1973
Arjun Gupta,02-09-1984
Pooja Joshi,04-03-1989
Vikas Rao,16-06-1986
Aman Shah,05-08-1998
Ayush Singh,16-04-1979
Akash Chauhan,01-07-1980
Abhishek Sinha,07-09-2000
Vivek Srivastava,12-07-1968
Sameer Srivastava,14-01-1988
Sakshi Das,31-07-1993
Karan Patel,08-01-1966
Ashish Verma,12-05-1968
Akash Singh,06-06-1993
Gaurav Mehta,19-05-1965
Neha Mehta,28-07-1989
Sakshi Singh,08-11-1996
Shubham Srivastava,12-08-1964
Rohit Rao,12-01-1988
Shubham Singh,09-07-2005
Pankaj Gupta,05-04-2003
Rahul Singh,30-05-1991
Komal Pandey,22-04-1970
Tanya Das,15-04-1980
Akash Mehta,10-05-1962
Nisha Das,06-08-1962
Mohit Das,20-09-1987
Sanjay Pandey,19-07-1960
Mohit Gupta,15-12-1995
Arjun Gupta,01-10-1962
Ashish Shah,20-04-1979
Vikas Srivastava,12-09-2000
Sanjay Yadav,13-03-1993
Sahil Sinha,15-08-1967
Ankit Gupta,14-02-1974
Tanya Rao,18-06-1964
Simran Verma,30-05-1984
Alok Srivastava,28-07-2003
Nisha Chauhan,26-02-1997
Ravi Mishra,18-12-2005
Deepak Pandey,27-07-1998
Deepak Jha,28-08-2003
Kajal Jha,28-01-1964
Rahul Tiwari,30-11-1964
Aarav Mishra,15-01-1987
Pankaj Gupta,03-12-1982
Rohit Sinha,06-10-1970
Aarav Patel,20-08-1998
Mohit Gupta,09-02-1994
Kavita Khan,17-11-2004
Komal Pandey,19-06-1966
Vivek Sharma,19-02-1999
Aditya Chauhan,26-12-1966
Sameer Joshi,06-07-1998
Meena Tiwari,21-06-1997
Rohit Singh,03-05-1996
Aditya Sinha,02-06-1975
Pooja Chauhan,18-06-1992
Ashish Srivastava,30-06-1969
Raj Srivastava,04-12-1995
Kajal Verma,04-07-1995
Sahil Sinha,17-11-1979
Sanjay Yadav,07-11-1966
Divya Singh,01-10-2005
Nikhil Pandey,01-07-1991
Swati Gupta,13-03-1981
Ayush Gupta,18-12-1982
Nikhil Yadav,18-09-1973
Tanya Verma,22-11-1975
Muskan Patel,15-08-2001
Tanya Joshi,09-04-2000
Simran Joshi,29-12-1988
Priya Sinha,17-07-1973
Alok Verma,25-01-2002
Alok Jha,22-08-1984
Neha Sharma,29-07-1991
Divya Verma,06-11-1987
Aman Chauhan,17-05-1963
Ankit Pandey,02-10-1985
Arjun Verma,28-06-2005
Vikas Chauhan,06-09-1963
Alok Joshi,20-11-1976
Sameer Rao,02-09-2002
Divya Gupta,20-07-1965
Alok Singh,23-10-1990
Sonali Verma,07-04-2005
Riya Yadav,06-07-1963
Raj Chauhan,03-06-1999
Kajal Shah,29-03-1974
Sumit Pandey,18-05-1985
Vikas Srivastava,10-05-1990
Simran Rao,11-09-1964
Priya Sinha,29-11-1965
Sanjay Singh,05-09-1994
Rohit Das,28-06-1973
Sanjay Verma,08-09-1972
Shubham Jha,01-03-1995
Gaurav Rao,08-08-1967
Sahil Mehta,17-10-1993
Riya Sinha,19-06-1971
Sakshi Shah,20-05-1968
Riya Srivastava,14-08-2005
Sumit Kumar,12-07-1992
Sahil Yadav,20-03-1979
Sanjay Patel,23-03-1977
Rahul Gupta,25-11-1973
Arjun Jha,27-01-1969
Divya Mehta,21-05-1963
Sakshi Sinha,04-10-1971
Nisha Tiwari,02-11-1973
Manish Yadav,07-11-1974
Swati Chauhan,02-12-1963
Abhishek Pandey,23-04-1981
Alok Rao,24-07-1985
Tanya Chauhan,28-12-1980
Kavita Khan,06-10-1987
Anjali Mishra,31-12-1992
Simran Joshi,12-07-1999
Aman Jha,05-04-1994
Divya Shah,23-07-1997
Manish Mishra,01-06-1972
Rakesh Sharma,11-02-2003
Sumit Mehta,15-03-1969
Sonali Shah,09-03-1971
Rohit Verma,20-05-1974
Ravi Chauhan,21-03-1973
Akash Verma,02-12-1979
Alok Pandey,23-05-1962
Abhishek Sharma,27-07-1995
Divya Pandey,24-02-1981
Vikas Verma,20-08-1993
Rahul Kumar,03-08-1988
Ayush Sinha,06-02-1973
Gaurav Sharma,26-09-1985
Anjali Gupta,31-01-2002
Alok Rao,21-06-1960
Ashish Kumar,17-12-1982
Pankaj Gupta,21-12-1997
Deepak Jha,26-04-1981
Sahil Singh,13-04-1964
Raj Srivastava,03-01-2001
Arjun Singh,03-11-2004
Nisha Mehta,22-06-1961
Priya Shah,14-09-1981
Sonali Gupta,17-02-1986
Akash Kumar,27-08-1991
Raj Joshi,16-05-1997
Mohit Verma,08-05-1992
Arjun Shah,07-07-2005
Divya Mehta,28-10-1961
Vikas Patel,27-11-1963
Priya Tiwari,28-06-1993
Rakesh Kumar,14-01-1992
Arjun Pandey,19-08-1981
Swati Singh,30-10-1989
Gaurav Sharma,10-08-1991
Kavita Sinha,16-09-1975
Muskan Chauhan,06-12-2002
Priya Yadav,05-02-1972
Arjun Chauhan,26-04-1963
Rohit Mishra,06-12-1963
Nikhil Sharma,24-04-1988
Sahil Shah,23-09-1995
Kavita Patel,22-09-1982
Amit Mishra,01-09-1985
Shubham Sharma,11-10-1989
Ravi Singh,06-01-1993
Akash Tiwari,14-06-1999
Vikas Sinha,04-10-1976
Anita Patel,15-12-1992
Kajal Das,31-05-1967
Swati Srivastava,30-01-1967
Akash Rao,10-03-1976
Kavita Jha,25-10-1988
Ayush Verma,02-06-1989
Sakshi Jha,01-07-1987
Alok Rao,24-03-1998
Manish Chauhan,16-07-1991
Alok Sharma,18-08-1991
Pooja Srivastava,18-08-1984
Priya Sharma,24-09-1966
Sakshi Tiwari,04-08-1992
Divya Yadav,17-10-1962
Karan Rao,24-04-1999
Amit Gupta,12-01-1966
Raj Pandey,27-06-1992
Vikas Joshi,27-11-1962
Nisha Gupta,13-05-2000
Sumit Pandey,30-10-1999
Tanya Verma,08-05-1972
Kajal Pandey,16-09-1995
Sameer Das,24-05-1982
Deepak Kumar,09-09-1976
Anita Shah,19-09-1994
Komal Singh,26-06-1983
Muskan Das,14-01-2000
Pankaj Rao,14-08-1985
Sneha Patel,16-12-1977
Deepak Gupta,23-08-1966
Alok Yadav,07-12-1999
Ashish Sinha,03-03-1991
Sonali Verma,18-01-1986
Sahil Yadav,14-08-1975
Sumit Shah,12-02-1980
Deepak Mishra,16-06-1972
Raj Patel,11-05-1962
Sumit Mehta,04-02-1993
Aman Mehta,23-08-1971
Pooja Verma,24-11-1965
Sahil Tiwari,10-12-2002
Kajal Srivastava,24-09-1996
Meena Verma,30-03-1971
Sameer Verma,14-05-2000
Aman Shah,28-11-1990
Gaurav Mehta,28-04-1976
Muskan Gupta,24-10-1998
Divya Sharma,20-02-1971
Kajal Gupta,14-04-1987
Manish Yadav,11-12-1988
Sonali Khan,16-01-1991
Kajal Jha,28-01-1967
Rakesh Mishra,15-08-1984
Gaurav Jha,19-05-1968
Divya Yadav,31-10-1973
Manish Rao,16-04-1990
Meena Sharma,18-07-1962
Ashish Sharma,29-09-1983
Riya Mishra,16-05-1997
Pooja Kumar,05-09-2004
Priya Mehta,26-12-1985
Riya Jha,30-04-2003
Raj Tiwari,07-09-1986
Aman Verma,17-05-1965
Manish Chauhan,15-04-1997
Anjali Chauhan,21-04-1978
Sanjay Rao,20-11-1972
Sameer Sinha,26-12-1990
Vivek Gupta,29-03-1993
Divya Mehta,11-07-1969
Sameer Khan,06-11-2001
Deepak Das,02-05-2000
Raj Gupta,07-09-1968
Ankit Jha,18-06-1994
Pooja Srivastava,10-04-1982
Manish Sinha,21-01-1988
Nikhil Yadav,13-09-2004
Divya Chauhan,29-09-2004
Sahil Patel,29-01-1962
Ashish Tiwari,06-05-2005
Aman Khan,20-04-1979
Neha Pandey,13-05-1964
Ankit Jha,25-05-2004
Nisha Patel,20-08-1985
Kavita Kumar,23-08-1969
Akash Gupta,23-09-1983
Swati Pandey,05-03-1996
Sumit Sharma,09-12-1995
Ankit Joshi,18-06-1977
Sumit Mehta,21-11-1985
Arjun Tiwari,28-03-2005
Alok Mehta,03-02-1985
Pooja Rao,29-08-1970
Gaurav Singh,04-05-1995
Sumit Sinha,19-10-1992
Tanya Gupta,09-11-1977
Nisha Shah,04-01-1996
Divya Sharma,24-01-1964
Amit Gupta,17-11-1989
Anjali Shah,30-12-2000
Karan Rao,16-07-1972
Sameer Rao,29-07-1988
Manish Tiwari,05-11-1986
Neha Sinha,06-07-2005
Divya Mehta,12-12-2003
Sonali Joshi,23-11-1986
Anjali Kumar,17-01-1993
Sanjay Singh,15-05-1997
Neha Jha,23-05-1962
Nisha Patel,27-10-1983
Riya Joshi,31-05-1980
Swati Sharma,07-02-2003
Manish Shah,09-02-1994
Karan Khan,31-10-1962
Meena Singh,11-02-1977
Aditya Chauhan,22-02-1988
Abhishek Gupta,17-01-1997
Sneha Mishra,25-10-1996
Divya Rao,23-04-2002
Tanvi Sharma,21-05-1972
Kajal Mishra,28-02-1989
Sakshi Patel,21-10-1993
Sameer Yadav,28-03-2001
Kavita Sinha,14-10-1991
Simran Das,09-06-2003
Nikhil Khan,11-01-1985
Komal Jha,04-03-1980
Sahil Jha,06-08-1978
Sneha Patel,10-06-1988
Anjali Pandey,13-07-1984
Rohit Singh,23-01-1994
Vivek Pandey,20-02-1973
Rohit Sharma,21-10-1985
Sonali Verma,27-01-1991
Alok Das,24-12-2002
Pankaj Mishra,28-04-1984
Komal Das,25-04-1972
Ayush Rao,19-06-1981
Raj Sharma,30-03-1980
Priya Khan,16-09-1964
Ayush Srivastava,19-08-1989
Sonali Patel,07-01-1969
Simran Gupta,18-06-1960
Komal Yadav,03-07-1996
Riya Patel,01-11-2002
Riya Mishra,08-10-1985
Sameer Jha,22-04-1965
Muskan Verma,31-10-1980
Kavita Sharma,15-09-1975
Abhishek Yadav,05-04-1963
Vivek Patel,18-09-1976
Tanvi Jha,12-05-1963
Aarav Jha,17-08-1969
Sanjay Jha,05-10-2000
Riya Mehta,23-04-2004
Gaurav Shah,27-12-2001
Ravi Mishra,08-02-1970
Sanjay Yadav,03-03-2001
Riya Das,14-09-1976
Aarav Sinha,20-06-1986
Meena Mishra,29-09-1975
Pooja Tiwari,15-05-1998
Divya Sinha,13-10-1967
Vivek Singh,29-07-1976
Gaurav Patel,11-01-1989
Raj Kumar,25-05-1983
Vikas Khan,29-01-2000
Tanya Das,28-07-1989
Sahil Joshi,09-01-1961
Rakesh Pandey,14-03-1981
Ankit Singh,02-10-2001
Sahil Yadav,15-05-1996
Simran Shah,25-11-1987
Sneha Singh,20-06-1986
Sumit Rao,24-10-1979
Rahul Gupta,25-11-2002
Karan Chauhan,08-07-1993
Abhishek Mehta,29-03-2002
Tanya Mehta,05-08-1979
Tanya Khan,06-05-1967
Kajal Chauhan,15-06-1992
Arjun Joshi,24-01-1970
Ankit Mehta,07-05-2005
Nikhil Joshi,11-06-1973
Manish Sinha,22-08-1999
Deepak Mishra,08-11-2003
Ashish Shah,19-12-1999
Ankit Chauhan,02-11-1971
Divya Srivastava,24-12-2000
Meena Sharma,25-06-2001
Simran Jha,14-12-1961
Vivek Das,08-04-1960
Tanvi Mishra,21-07-1966
Amit Srivastava,28-11-1990
Sneha Verma,28-05-1965
Arjun Patel,05-11-1962
Rohit Srivastava,23-02-1976
Muskan Gupta,17-09-1997
Sumit Tiwari,28-03-2000
Vikas Tiwari,14-03-1967
Simran Mehta,06-12-1971
Riya Pandey,23-08-1970
Mohit Mehta,06-04-1995
Kajal Gupta,24-12-1979
Aarav Kumar,07-10-1986
Aman Mehta,18-01-1998
Kavita Tiwari,08-08-1980
Raj Chauhan,20-01-1991
Karan Das,28-11-1976
Swati Singh,21-11-1962
Sakshi Srivastava,27-05-1961
Raj Mishra,13-01-1966
Ayush Rao,05-01-1963
Alok Rao,14-05-1964
Raj Sharma,02-02-1996
Alok Khan,29-06-1979
Tanya Sharma,27-07-1972
Divya Jha,03-01-1981
Swati Joshi,10-08-1988
Meena Rao,07-10-1988
Raj Jha,07-11-1972
Sakshi Shah,31-10-1979
Abhishek Jha,07-09-1984
Ankit Mehta,17-09-1975
Priya Srivastava,18-06-2004
Ankit Pandey,12-03-1994
Kajal Sinha,08-05-1997
Abhishek Gupta,26-11-1986
Vikas Yadav,25-06-2002
Raj Khan,24-12-1986
Sonali Gupta,16-07-2001
Ankit Mehta,08-01-1997
Abhishek Mehta,11-01-1972
Vikas Khan,16-11-1982
Pankaj Sinha,03-02-1967
Alok Pandey,17-04-1968
Kavita Mishra,15-08-1964
Ravi Tiwari,19-07-1963
Arjun Mishra,21-06-1979
Anjali Mishra,14-11-1989
Sahil Kumar,01-01-1979
Nikhil Singh,19-12-2002
Raj Rao,07-05-1978
Vivek Khan,07-11-1988
Muskan Jha,24-02-1994
Aman Mehta,25-03-1992
Sahil Das,06-04-1992
Divya Patel,22-10-2001
Ayush Patel,23-09-1988
Pankaj Pandey,27-01-1988
Abhishek Sharma,07-11-1979
Tanvi Gupta,15-06-1961
Rakesh Mehta,18-06-1997
Rohit Gupta,07-08-1977
Sanjay Khan,28-01-1994
Meena Khan,17-10-2004
Komal Sinha,01-02-1983
Tanya Patel,05-01-2004
Aman Yadav,06-08-1991
Manish Gupta,23-10-2003
Mohit Mehta,08-04-1965
Kajal Sharma,01-09-1966
Sakshi Sharma,28-07-1960
Abhishek Gupta,05-10-1980
Arjun Gupta,26-10-1960
Pankaj Shah,28-11-2000
Sumit Sharma,08-05-2003
Sakshi Patel,30-05-1961
Aarav Mehta,25-11-1996
Aarav Kumar,24-08-1984
Kavita Jha,15-07-1961
Divya Srivastava,31-01-1976
Ayush Singh,11-05-1973
Raj Mishra,24-08-1982
Shubham Das,10-08-1995
Ashish Pandey,04-06-1996
Aman Joshi,26-10-1981
Sneha Khan,29-11-1986
Simran Verma,04-11-1962
Ashish Tiwari,09-01-1994
Vikas Mehta,14-09-2002
Ankit Kumar,17-05-1975
Ashish Patel,05-12-1998
Riya Sinha,21-07-1968
Kajal Sharma,11-08-1980
Pankaj Joshi,29-08-2002
Ravi Sharma,02-09-1966
Simran Das,14-12-1962
Mohit Sinha,28-05-1961
Pankaj Joshi,07-12-1972
Tanya Tiwari,26-11-1966
Sahil Yadav,28-07-1981
Meena Tiwari,05-10-1989
Vikas Gupta,13-01-1967
Divya Pandey,25-10-1964
Ayush Srivastava,28-10-1980
Arjun Sinha,04-08-1995
Muskan Sinha,28-08-1962
Priya Das,02-06-2000
Anita Khan,03-12-1991
Komal Tiwari,28-09-1998
Mohit Joshi,05-02-1994
Ashish Rao,01-07-1986
Raj Verma,12-05-1967
Ravi Gupta,02-02-1994
Sonali Gupta,15-12-1994
Sameer Pandey,23-07-1969
Ashish Kumar,28-08-1987
Alok Pandey,14-03-1984
Ayush Gupta,31-10-1967
Mohit Srivastava,07-04-2000
Komal Mehta,21-12-2005
Abhishek Singh,10-05-1962
Ashish Pandey,07-05-1968
Nisha Rao,07-02-1989
Vikas Kumar,08-03-1986
Abhishek Tiwari,07-08-1967
Swati Mehta,11-10-1981
Meena Shah,19-03-1975
Simran Tiwari,17-03-1975
Gaurav Das,06-01-1987
Ravi Patel,02-02-1973
Arjun Yadav,30-12-1998
Ravi Srivastava,22-11-1986
Anjali Verma,25-05-1992
Rakesh Khan,24-06-2004
Nisha Rao,17-07-1977
Aman Singh,26-02-1972
Sahil Kumar,02-07-1995
Sanjay Rao,30-01-1994
Sanjay Chauhan,11-01-1990
Akash Rao,18-03-1972
Sahil Sinha,07-01-1978
Anjali Sinha,08-12-1975
Vivek Sinha,23-02-1986
Tanvi Patel,30-09-1981
Sameer Tiwari,22-02-1985
Vivek Pandey,20-03-1970
Meena Mishra,21-02-1976
Simran Mehta,31-05-1962
Swati Chauhan,22-10-1978
Alok Jha,16-03-1966
Abhishek Patel,26-06-1972
Priya Jha,17-09-1981
Rakesh Gupta,17-12-1997
Vikas Verma,15-04-2000
Nisha Patel,16-12-1995
Kavita Shah,11-07-1997
Kavita Sharma,03-04-1992
Sneha Mehta,16-08-1967
Ayush Khan,06-11-1991
Manish Rao,22-12-1963
Meena Tiwari,30-09-1989
Akash Singh,11-12-1960
Ayush Das,01-12-1979
Divya Shah,30-10-1979
Alok Pandey,02-02-1995
Aman Joshi,24-11-2004
Karan Pandey,15-03-1962
Anjali Singh,03-07-1986
Abhishek Verma,31-05-1970
Swati Gupta,02-04-1991
Sahil Sinha,06-11-2000
Pankaj Shah,29-04-2003
Shubham Patel,03-10-1968
Alok Chauhan,11-08-1988
Arjun Jha,04-01-1964
Sonali Singh,10-01-1962
Sanjay Singh,29-09-1974
Tanvi Khan,26-08-1975
Komal Yadav,10-09-1989
Komal Srivastava,14-06-2001
Rahul Tiwari,19-07-1976
Mohit Srivastava,28-06-1995
Aditya Rao,13-09-1977
Alok Joshi,15-07-1998
Vikas Kumar,09-04-1979
Pankaj Das,12-08-1965
Meena Singh,09-10-1976
Sumit Sinha,05-09-1977
Aman Singh,15-07-1983
Sakshi Patel,12-02-1988
Nisha Tiwari,20-03-1995
Neha Singh,19-03-1991
Shubham Chauhan,24-06-1975
Simran Jha,09-08-1967
Simran Gupta,05-02-1988
Deepak Khan,25-05-1987
Deepak Yadav,28-06-1993
Sneha Gupta,29-10-2005
Vikas Srivastava,14-05-1972
Meena Tiwari,14-12-1997
Mohit Patel,17-07-1975
Komal Yadav,05-12-2003
Rohit Gupta,13-10-1976
Sameer Chauhan,22-10-1964
Shubham Kumar,23-06-2003
Gaurav Mishra,12-06-1994
Komal Shah,28-05-2004
Komal madal,31-08-2004
